Enter password: ****                                                              Welcome to the MySQL monitor.  Commands end with ; or \g.                         Your MySQL connection id is 33                                                    Server version: 8.0.34 MySQL Community Server - GPL                                                                                                                 Copyright (c) 2000, 2023, Oracle and/or its affiliates.                                                                                                             Oracle is a registered trademark of Oracle Corporation and/or its                 affiliates. Other names may be trademarks of their respective                     owners.                                                                                                                                                             Type 'help;' or '\h' for help. Type '\c' to clear the current input statement.                                                                                      mysql> show databases;                                                            +--------------------+                                                            | Database           |                                                            +--------------------+                                                            | company            |                                                            | information_schema |                                                            | mysql              |                                                            | performance_schema |                                                            | projection         |                                                            | school             |                                                            | sys                |                                                            +--------------------+                                                            7 rows in set (0.00 sec)                                                                                                                                            mysql> use projection;                                                            Database changed                                                                  mysql> show tables;                                                               +----------------------+                                                          | Tables_in_projection |                                                          +----------------------+                                                          | students             |                                                          | teachers             |                                                          +----------------------+                                                          2 rows in set (0.00 sec)                                                                                                                                            mysql> desc students;                                                             +----------+----------+------+-----+---------+----------------+                   | Field    | Type     | Null | Key | Default | Extra          |                   +----------+----------+------+-----+---------+----------------+                   | std_id   | int      | NO   | PRI | NULL    | auto_increment |                   | std_name | char(30) | YES  |     | NULL    |                |                   | course   | char(30) | YES  |     | NULL    |                |                   | remark   | char(10) | YES  |     | NULL    |                |                   +----------+----------+------+-----+---------+----------------+                   4 rows in set (0.00 sec)                                                                                                                                            mysql> select * from students;                                                    Empty set (0.00 sec)                                                                                                                                                mysql> alter table students                                                           -> drop column remark;                                                        Query OK, 0 rows affected (0.02 sec)                                              Records: 0  Duplicates: 0  Warnings: 0                                                                                                                              mysql> desc students;                                                             +----------+----------+------+-----+---------+----------------+                   | Field    | Type     | Null | Key | Default | Extra          |                   +----------+----------+------+-----+---------+----------------+                   | std_id   | int      | NO   | PRI | NULL    | auto_increment |                   | std_name | char(30) | YES  |     | NULL    |                |                   | course   | char(30) | YES  |     | NULL    |                |                   +----------+----------+------+-----+---------+----------------+                   3 rows in set (0.00 sec)                                                                                                                                            mysql> alter table students                                                           -> add constraint unique key(std_name);                                       Query OK, 0 rows affected (0.03 sec)                                              Records: 0  Duplicates: 0  Warnings: 0                                                                                                                              mysql> desc students;                                                             +----------+----------+------+-----+---------+----------------+                   | Field    | Type     | Null | Key | Default | Extra          |                   +----------+----------+------+-----+---------+----------------+                   | std_id   | int      | NO   | PRI | NULL    | auto_increment |                   | std_name | char(30) | YES  | UNI | NULL    |                |                   | course   | char(30) | YES  |     | NULL    |                |                   +----------+----------+------+-----+---------+----------------+                   3 rows in set (0.00 sec)                                                                                                                                            mysql> insert into students values(                                                   -> (101, 'ajay' ,'python'));                                                  ERROR 1136 (21S01): Column count doesn't match value count at row 1               mysql> insert into students values                                                    -> (101, 'ajay' ,'python');                                                   Query OK, 1 row affected (0.01 sec)                                                                                                                                 mysql> select * from students;                                                    +--------+----------+--------+                                                    | std_id | std_name | course |                                                    +--------+----------+--------+                                                    |    101 | ajay     | python |                                                    +--------+----------+--------+                                                    1 row in set (0.00 sec)                                                                                                                                             mysql> insert into students (std_name,course) values(                                 -> 'vijay', 'python')'                                                            '> ('gourav' , python')                                                           -> );                                                                         ERROR 1064 (42000): You have an error in your SQL syntax; check the manual that corresponds to your MySQL server version for the right syntax to use near ''        ('gourav' , python')                                                              )' at line 2                                                                      mysql> insert into students (std_name,course) values(                                 -> 'vijay', 'python')'                                                            '> ('gourav' , python');                                                      ERROR 1064 (42000): You have an error in your SQL syntax; check the manual that corresponds to your MySQL server version for the right syntax to use near ''        ('gourav' , python')' at line 2                                                   mysql> insert into students (std_name,course) values(                                 -> 'vijay', 'python'),                                                            -> ('gourav' , python'));                                                         '> C^C                                                                        mysql> insert into students (std_name,course) values(                                 -> 'vijay', 'python'),                                                            -> ('gourav' , python');                                                          '> ^C                                                                         mysql> insert into students (std_name,course) values(                                 -> 'vijay', 'python'),                                                            -> ('gourav' , python')                                                           '> ^C                                                                         mysql>                                                                            mysql>                                                                            mysql>                                                                            mysql>                                                                            mysql>                                                                            mysql> insert into students (std_name,course) values                                  -> ('vijay', 'python'),                                                           -> ('gourav', 'python'),                                                          -> ('pankaj', 'python');                                                      Query OK, 3 rows affected (0.01 sec)                                              Records: 3  Duplicates: 0  Warnings: 0                                                                                                                              mysql> select * from students;                                                    +--------+----------+--------+                                                    | std_id | std_name | course |                                                    +--------+----------+--------+                                                    |    101 | ajay     | python |                                                    |    102 | vijay    | python |                                                    |    103 | gourav   | python |                                                    |    104 | pankaj   | python |                                                    +--------+----------+--------+                                                    4 rows in set (0.00 sec)                                                                                                                                            mysql> insert into students (std_name,course) values                                  -> ('sachin', 'python'),                                                          -> ('tushar' , 'python'),                                                         -> ('aarti','python'),                                                            -> ('yashita','python'),                                                          -> ('prakash', 'php'),                                                            -> ('sandeep', 'react'),                                                          -> ('shubham', 'mern'),                                                           -> ('ritesh', 'mean'),                                                            -> ('rohit', 'graphic design');                                               Query OK, 9 rows affected (0.01 sec)                                              Records: 9  Duplicates: 0  Warnings: 0                                                                                                                              mysql> select * from students;                                                    +--------+----------+----------------+                                            | std_id | std_name | course         |                                            +--------+----------+----------------+                                            |    101 | ajay     | python         |                                            |    102 | vijay    | python         |                                            |    103 | gourav   | python         |                                            |    104 | pankaj   | python         |                                            |    105 | sachin   | python         |                                            |    106 | tushar   | python         |                                            |    107 | aarti    | python         |                                            |    108 | yashita  | python         |                                            |    109 | prakash  | php            |                                            |    110 | sandeep  | react          |                                            |    111 | shubham  | mern           |                                            |    112 | ritesh   | mean           |                                            |    113 | rohit    | graphic design |                                            +--------+----------+----------------+                                            13 rows in set (0.01 sec)                                                                                                                                           mysql> desc teachers;                                                             +-------+----------+------+-----+---------+----------------+                      | Field | Type     | Null | Key | Default | Extra          |                      +-------+----------+------+-----+---------+----------------+                      | id    | int      | NO   | PRI | NULL    | auto_increment |                      | name  | char(30) | YES  |     | NULL    |                |                      +-------+----------+------+-----+---------+----------------+                      2 rows in set (0.01 sec)                                                                                                                                            mysql> alter table teachers                                                           -> add column designation char(20),                                               -> foreign key(designation),references students(std_id);                      ERROR 1064 (42000): You have an error in your SQL syntax; check the manual that corresponds to your MySQL server version for the right syntax to use near 'foreign key(designation),references students(std_id)' at line 3                            mysql> drop table teachers;                                                       Query OK, 0 rows affected (0.03 sec)                                                                                                                                mysql> show tables;                                                               +----------------------+                                                          | Tables_in_projection |                                                          +----------------------+                                                          | students             |                                                          +----------------------+                                                          1 row in set (0.01 sec)                                                                                                                                             mysql> create table teachers(                                                         -> teach_id int(3) primary key auto_increment,                                    -> name char(20) not null,                                                        -> designation char(20),                                                          -> foreign key(designation),references students(std_id)                           -> );                                                                         ERROR 1064 (42000): You have an error in your SQL syntax; check the manual that corresponds to your MySQL server version for the right syntax to use near ',references students(std_id)                                                               )' at line 5                                                                      mysql> create table teachers(                                                         -> teach_id int(3) primary key auto_increment,                                    -> name char(20) not null,                                                        -> designation char(20));                                                     Query OK, 0 rows affected, 1 warning (0.02 sec)                                                                                                                     mysql>  


Enter password: ****                                                              Welcome to the MySQL monitor.  Commands end with ; or \g.                         Your MySQL connection id is 34                                                    Server version: 8.0.34 MySQL Community Server - GPL                                                                                                                 Copyright (c) 2000, 2023, Oracle and/or its affiliates.                                                                                                             Oracle is a registered trademark of Oracle Corporation and/or its                 affiliates. Other names may be trademarks of their respective                     owners.                                                                                                                                                             Type 'help;' or '\h' for help. Type '\c' to clear the current input statement.                                                                                      mysql> show databases;                                                            +--------------------+                                                            | Database           |                                                            +--------------------+                                                            | company            |                                                            | information_schema |                                                            | mysql              |                                                            | performance_schema |                                                            | projection         |                                                            | school             |                                                            | sys                |                                                            +--------------------+                                                            7 rows in set (0.00 sec)                                                                                                                                            mysql> use projection;                                                            Database changed                                                                  mysql> show tables;                                                               +----------------------+                                                          | Tables_in_projection |                                                          +----------------------+                                                          | students             |                                                          | teachers             |                                                          +----------------------+                                                          2 rows in set (0.00 sec)                                                                                                                                            mysql> select * from teachers;                                                    Empty set (0.01 sec)                                                                                                                                                mysql> desc teachers                                                                  -> ;                                                                          +-------------+----------+------+-----+---------+----------------+                | Field       | Type     | Null | Key | Default | Extra          |                +-------------+----------+------+-----+---------+----------------+                | teach_id    | int      | NO   | PRI | NULL    | auto_increment |                | name        | char(20) | NO   |     | NULL    |                |                | designation | char(20) | YES  |     | NULL    |                |                +-------------+----------+------+-----+---------+----------------+                3 rows in set (0.00 sec)                                                                                                                                            mysql> insert into teachers values                                                    -> (101, 'aman','teacher'),                                                       -> (102, 'akshara', 'accounts');                                              Query OK, 2 rows affected (0.01 sec)                                              Records: 2  Duplicates: 0  Warnings: 0                                                                                                                              mysql> select  * from teachers;                                                   +----------+---------+-------------+                                              | teach_id | name    | designation |                                              +----------+---------+-------------+                                              |      101 | aman    | teacher     |                                              |      102 | akshara | accounts    |                                              +----------+---------+-------------+                                              2 rows in set (0.00 sec)                                                                                                                                            mysql> insert into teachers values                                                    -> ('ajay','communication');                                                  ERROR 1136 (21S01): Column count doesn't match value count at row 1               mysql> insert into teachers(name, designation) values                                 -> ('ajay','communication'),                                                      -> ('vinita', 'accounts'),                                                        -> ('sangeeta','accounts');                                                   Query OK, 3 rows affected (0.01 sec)                                              Records: 3  Duplicates: 0  Warnings: 0                                                                                                                              mysql> select  * from teachers;                                                   +----------+----------+---------------+                                           | teach_id | name     | designation   |                                           +----------+----------+---------------+                                           |      101 | aman     | teacher       |                                           |      102 | akshara  | accounts      |                                           |      103 | ajay     | communication |                                           |      104 | vinita   | accounts      |                                           |      105 | sangeeta | accounts      |                                           +----------+----------+---------------+                                           5 rows in set (0.00 sec)                                                                                                                                            mysql> select  * from students;                                                   +--------+----------+----------------+                                            | std_id | std_name | course         |                                            +--------+----------+----------------+                                            |    101 | ajay     | python         |                                            |    102 | vijay    | python         |                                            |    103 | gourav   | python         |                                            |    104 | pankaj   | python         |                                            |    105 | sachin   | python         |                                            |    106 | tushar   | python         |                                            |    107 | aarti    | python         |                                            |    108 | yashita  | python         |                                            |    109 | prakash  | php            |                                            |    110 | sandeep  | react          |                                            |    111 | shubham  | mern           |                                            |    112 | ritesh   | mean           |                                            |    113 | rohit    | graphic design |                                            +--------+----------+----------------+                                            13 rows in set (0.00 sec)                                                                                                                                           mysql> use company;                                                               Database changed                                                                  mysql> show tables;                                                               +-------------------+                                                             | Tables_in_company |                                                             +-------------------+                                                             | employee          |                                                             +-------------------+                                                             1 row in set (0.00 sec)                                                                                                                                             mysql> select * from employee;                                                    Empty set (0.00 sec)                                                                                                                                                mysql> desc employee;                                                             +-------------+--------------+------+-----+---------+-------+                     | Field       | Type         | Null | Key | Default | Extra |                     +-------------+--------------+------+-----+---------+-------+                     | emp_id      | int          | NO   | PRI | NULL    |       |                     | emp_name    | char(20)     | YES  |     | NULL    |       |                     | designation | char(30)     | YES  |     | NULL    |       |                     | salary      | decimal(5,2) | YES  |     | NULL    |       |                     +-------------+--------------+------+-----+---------+-------+                     4 rows in set (0.00 sec)                                                                                                                                            mysql> insert into employee values                                                    -> (101, 'Aniket','Data engineer',50000),                                         -> (102, 'Sachin','Data Analyst',50000);                                      ERROR 1264 (22003): Out of range value for column 'salary' at row 1               mysql> insert into employee values                                                    -> (101, 'Aniket','Data engineer', 50000),                                        -> (102, 'Sachin','Data Analyst', 50000);                                     ERROR 1264 (22003): Out of range value for column 'salary' at row 1               mysql> insert into employee values                                                    -> (101, 'Aniket','Data engineer', 5000),                                         -> (102, 'Sachin','Data Analyst', 50000);                                     ERROR 1264 (22003): Out of range value for column 'salary' at row 1               mysql> insert into employee values                                                    -> (102, 'Sachin','Data Analyst', 500);                                       Query OK, 1 row affected (0.01 sec)                                                                                                                                 mysql> alter table employee                                                           -> change column salary dec(7,2);                                             ERROR 1064 (42000): You have an error in your SQL syntax; check the manual that corresponds to your MySQL server version for the right syntax to use near 'dec(7,2)' at line 2                                                                        mysql> alter table employee                                                           -> change column salary salary dec(7,2);                                      Query OK, 1 row affected (0.04 sec)                                               Records: 1  Duplicates: 0  Warnings: 0                                                                                                                              mysql> desc employee;                                                             +-------------+--------------+------+-----+---------+-------+                     | Field       | Type         | Null | Key | Default | Extra |                     +-------------+--------------+------+-----+---------+-------+                     | emp_id      | int          | NO   | PRI | NULL    |       |                     | emp_name    | char(20)     | YES  |     | NULL    |       |                     | designation | char(30)     | YES  |     | NULL    |       |                     | salary      | decimal(7,2) | YES  |     | NULL    |       |                     +-------------+--------------+------+-----+---------+-------+                     4 rows in set (0.00 sec)                                                                                                                                            mysql> insert into employee values                                                    -> (101, 'Aniket','Data engineer', 50000),                                        -> (102, 'Sachin','Data Analyst', 60000),                                         -> (103, 'rohit','graphic designer', 20000),                                      -> (105, 'shubham','mern developer', 30000),                                      -> (104, 'sandeep','mean developer', 30000),                                      -> (108, 'suresh','python developer', 40000),                                     -> (107, 'sanjay','java developer', 25000),                                       -> (109, 'harshita','web designer', 15000),                                       -> (106, 'yashika','devops engineer', 35000),                                     -> (111, 'Ruchita','SAS engineer', 45000);                                    ERROR 1062 (23000): Duplicate entry '102' for key 'employee.PRIMARY'              mysql> select * from employee;                                                    +--------+----------+--------------+--------+                                     | emp_id | emp_name | designation  | salary |                                     +--------+----------+--------------+--------+                                     |    102 | Sachin   | Data Analyst | 500.00 |                                     +--------+----------+--------------+--------+                                     1 row in set (0.00 sec)                                                                                                                                             mysql> insert into employee values                                                    -> (101, 'Aniket','Data engineer', 50000),                                        -> (110, 'Sachin','Data Analyst', 60000),                                         -> (103, 'rohit','graphic designer', 20000),                                      -> (105, 'shubham','mern developer', 30000),                                      -> (104, 'sandeep','mean developer', 30000),                                      -> (108, 'suresh','python developer', 40000),                                     -> (107, 'sanjay','java developer', 25000),                                       -> (109, 'harshita','web designer', 15000),                                       -> (106, 'yashika','devops engineer', 35000),                                     -> (111, 'Ruchita','SAS engineer', 45000);                                    Query OK, 10 rows affected (0.02 sec)                                             Records: 10  Duplicates: 0  Warnings: 0                                                                                                                             mysql> select * from employee;                                                    +--------+----------+------------------+----------+                               | emp_id | emp_name | designation      | salary   |                               +--------+----------+------------------+----------+                               |    101 | Aniket   | Data engineer    | 50000.00 |                               |    102 | Sachin   | Data Analyst     |   500.00 |                               |    103 | rohit    | graphic designer | 20000.00 |                               |    104 | sandeep  | mean developer   | 30000.00 |                               |    105 | shubham  | mern developer   | 30000.00 |                               |    106 | yashika  | devops engineer  | 35000.00 |                               |    107 | sanjay   | java developer   | 25000.00 |                               |    108 | suresh   | python developer | 40000.00 |                               |    109 | harshita | web designer     | 15000.00 |                               |    110 | Sachin   | Data Analyst     | 60000.00 |                               |    111 | Ruchita  | SAS engineer     | 45000.00 |                               +--------+----------+------------------+----------+                               11 rows in set (0.00 sec)                                                                                                                                           mysql> create database                                                                -> collage;                                                                   Query OK, 1 row affected (0.01 sec)                                                                                                                                 mysql> use collage;                                                               Database changed                                                                  mysql> create table student(                                                          -> enroll_id int(4) primary key,                                                  -> Name char(20),                                                                 -> branch char(20),                                                               -> year int(7));                                                              Query OK, 0 rows affected, 2 warnings (0.02 sec)                                                                                                                    mysql> insert into student values                                                     ->                                                                                ->                                                                                ->                                                                                ->                                                                                -> (0821, 'Ajay','mechanical',2017-21);                                       Query OK, 1 row affected (0.01 sec)                                                                                                                                 mysql> insert into student values                                                     -> (0822, 'Abhishek','civil',2017-21),                                            -> (0823, 'Aashish','computer science',2017-21),                                  -> (0824, 'Aakash','computer science',2016-20),                                   -> (0825, 'Arun','civil',2017-21),                                                -> (0828, 'Aayush','electrical',2015-19),                                         -> (0826, 'Aayush','civil',2017-21),                                              -> (0829, 'Sanskriti','Pharmacy',2016-20),                                        -> (0827, 'Niharika','Pharmacy',2018-22),                                         -> (0827, 'Niharika','Pharmacy',2018-22),                                         -> (0810, 'pankaj','it',2018-22),                                                 -> (0813, 'pratap','ex',2017-21),                                                 -> (0817, 'pawan','robotics',2017-21),                                            -> (0704, 'vijay Dhakad','computer science',2020-24),                             -> (0820, 'Sachin','Computer Science',2017-21),                                   -> (0822, 'Vikas','Computer Science',2017-21),                                    -> (0811, 'Vijay','it',2017-21);                                              ERROR 1062 (23000): Duplicate entry '827' for key 'student.PRIMARY'               mysql> insert into student values                                                     -> (0822, 'Abhishek','civil',2017-21),                                            -> (0823, 'Aashish','computer science',2017-21),                                  -> (0824, 'Aakash','computer science',2016-20),                                   -> (0825, 'Arun','civil',2017-21),                                                -> (0828, 'Aayush','electrical',2015-19),                                         -> (0826, 'Aayush','civil',2017-21),                                              -> (0829, 'Sanskriti','Pharmacy',2016-20),                                        -> (0827, 'Niharika','Pharmacy',2018-22),                                         -> (0810, 'pankaj','it',2018-22),                                                 -> (0813, 'pratap','ex',2017-21),                                                 -> (0817, 'pawan','robotics',2017-21),                                            -> (0704, 'vijay Dhakad','computer science',2020-24),                             -> (0820, 'Sachin','Computer Science',2017-21),                                   -> (0822, 'Vikas','Computer Science',2017-21),                                    -> (0811, 'Vijay','it',2017-21);                                              ERROR 1062 (23000): Duplicate entry '822' for key 'student.PRIMARY'               mysql> insert into student values                                                     -> (0822, 'Abhishek','civil',2017-21),                                            -> (0823, 'Aashish','computer science',2017-21),                                  -> (0824, 'Aakash','computer science',2016-20),                                   -> (0825, 'Arun','civil',2017-21),                                                -> (0828, 'Aayush','electrical',2015-19),                                         -> (0826, 'Aayush','civil',2017-21),                                              -> (0829, 'Sanskriti','Pharmacy',2016-20),                                        -> (0827, 'Niharika','Pharmacy',2018-22),                                         -> (0810, 'pankaj','it',2018-22),                                                 -> (0813, 'pratap','ex',2017-21),                                                 -> (0817, 'pawan','robotics',2017-21),                                            -> (0704, 'vijay Dhakad','computer science',2020-24),                             -> (0820, 'Sachin','Computer Science',2017-21),                                   -> (0830, 'Vikas','Computer Science',2017-21),                                    -> (0705, 'Vinit','Computer Science',2017-21);                                Query OK, 15 rows affected (0.01 sec)                                             Records: 15  Duplicates: 0  Warnings: 0                                                                                                                             mysql> select * from student;                                                     +-----------+--------------+------------------+------+                            | enroll_id | Name         | branch           | year |                            +-----------+--------------+------------------+------+                            |       704 | vijay Dhakad | computer science | 1996 |                            |       705 | Vinit        | Computer Science | 1996 |                            |       810 | pankaj       | it               | 1996 |                            |       813 | pratap       | ex               | 1996 |                            |       817 | pawan        | robotics         | 1996 |                            |       820 | Sachin       | Computer Science | 1996 |                            |       821 | Ajay         | mechanical       | 1996 |                            |       822 | Abhishek     | civil            | 1996 |                            |       823 | Aashish      | computer science | 1996 |                            |       824 | Aakash       | computer science | 1996 |                            |       825 | Arun         | civil            | 1996 |                            |       826 | Aayush       | civil            | 1996 |                            |       827 | Niharika     | Pharmacy         | 1996 |                            |       828 | Aayush       | electrical       | 1996 |                            |       829 | Sanskriti    | Pharmacy         | 1996 |                            |       830 | Vikas        | Computer Science | 1996 |                            +-----------+--------------+------------------+------+                            16 rows in set (0.00 sec)                                                                                                                                           mysql> create table teacher                                                           -> (teach_id int(3), teacher_name char(20), coordinator char(30),                 -> foreign key(teach_id) references student(enroll_id));                      Query OK, 0 rows affected, 1 warning (0.09 sec)                                                                                                                     mysql> insert into teacher(teacher_name, coordinator) values                          -> ('Sharad' ,'civil engineering');                                           Query OK, 1 row affected (0.01 sec)                                                                                                                                 mysql> select * from teacher;                                                     +----------+--------------+-------------------+                                   | teach_id | teacher_name | coordinator       |                                   +----------+--------------+-------------------+                                   |     NULL | Sharad       | civil engineering |                                   +----------+--------------+-------------------+                                   1 row in set (0.00 sec)                                                                                                                                             mysql> desc teacher;                                                              +--------------+----------+------+-----+---------+-------+                        | Field        | Type     | Null | Key | Default | Extra |                        +--------------+----------+------+-----+---------+-------+                        | teach_id     | int      | YES  | MUL | NULL    |       |                        | teacher_name | char(20) | YES  |     | NULL    |       |                        | coordinator  | char(30) | YES  |     | NULL    |       |                        +--------------+----------+------+-----+---------+-------+                        3 rows in set (0.00 sec)                                                                                                                                            mysql> insert into teacher(teach_id) values                                           -> (101),                                                                         -> (102);                                                                     ERROR 1452 (23000): Cannot add or update a child row: a foreign key constraint fails (`collage`.`teacher`, CONSTRAINT `teacher_ibfk_1` FOREIGN KEY (`teach_id`) REFERENCES `student` (`enroll_id`))                                                   mysql>  